"31","record164201875416.3gp","1"
"32","record164201875424.3gp","1"
"33","record164201875432.3gp","1"
"38","record164201885411.3gp","1"
"39","record164201885940.3gp","1"
"40","record164201885953.3gp","1"
"41","record16420189210.3gp","1"
"42","record16420189226.3gp","1"
"44","record16420189425.3gp","1"
"47","record16420189616.3gp","1"
"49","record17420188915.3gp","13"
"50","record17420188935.3gp","13"
"51","record17420188945.3gp","13"
"52","record17420188953.3gp","13"
"53","record174201881011.3gp","13"
"56","record1842018104450.3gp","16"
"57","record1842018104510.3gp","16"
"58","record1842018104525.3gp","16"
"59","record1842018104539.3gp","16"
"60","record184201810462.3gp","16"
"61","record1842018104614.3gp","16"
"62","record1842018104628.3gp","16"
"63","record1842018104643.3gp","16"
"64","record1842018104652.3gp","16"
"65","record1842018104711.3gp","16"
"66","record214201884320.3gp","15"
"67","record214201884330.3gp","15"
"68","record214201884338.3gp","15"
"69","record214201884349.3gp","15"
"70","record214201884358.3gp","15"
"71","record21420188449.3gp","15"
"72","record214201884418.3gp","15"
"73","record214201884427.3gp","15"
"74","record214201884436.3gp","15"
"75","record214201884445.3gp","15"
"78","record2142018191720.3gp","13"
"79","record2142018191728.3gp","13"
"80","record2142018191735.3gp","13"
"81","record2142018191744.3gp","13"
"82","record2142018191846.3gp","13"
"86","record214201821556.3gp","17"
"87","record2142018215515.3gp","17"
"88","record2142018215523.3gp","17"
"89","record2142018215537.3gp","17"
"90","record214201821573.3gp","17"
"91","record2142018215834.3gp","17"
"92","record2142018215843.3gp","17"
"93","record2142018215850.3gp","17"
"94","record2142018215858.3gp","17"
"95","record2142018215916.3gp","17"
